"","Variable","n_Units","n_Coders","n_Categories","Level","Agreement","Holstis_CR","Krippendorffs_Alpha","Cohens_Kappa","Fleiss_Kappa"
"1","ethical concerns",25,2,2,"nominal",0.96,0.96,0.867208672086721,0.864864864864865,0.86449864498645
"2","finding the right data",25,2,2,"nominal",0.88,0.88,0.601626016260163,0.603174603174603,0.59349593495935
"3","importance of data collection",25,2,2,"nominal",0.96,0.96,0.837209302325581,0.834437086092715,0.833887043189369
"4","lack of time",25,2,2,"nominal",0.96,0.96,0.837209302325581,0.834437086092715,0.833887043189369
"5","missing context",25,2,2,"nominal",0.84,0.84,0.51,0.5,0.5
"6","none",25,2,2,"nominal",0.96,0.96,0.652482269503546,0.647887323943662,0.645390070921986
"7","other",25,2,2,"nominal",0.8,0.8,0.336043360433604,0.324324324324324,0.32249322493225
"8","student interest",25,2,2,"nominal",0.96,0.96,0.837209302325581,0.834437086092715,0.833887043189369
