"","Variable","n_Units","n_Coders","n_Categories","Level","Agreement","Holstis_CR","Krippendorffs_Alpha","Cohens_Kappa","Fleiss_Kappa"
"1","accessibility",25,2,2,"nominal",0.96,0.96,0.782222222222222,0.778761061946902,0.777777777777777
"2","analysis",25,2,2,"nominal",0.8,0.8,0.186046511627907,0.172185430463576,0.169435215946844
"3","covid",25,2,2,"nominal",1,1,1,1,1
"4","example",25,2,2,"nominal",0.8,0.8,0.605475040257649,0.603174603174603,0.597423510466989
"5","familiarity",25,2,2,"nominal",0.88,0.88,0.511627906976744,0.516129032258064,0.501661129568107
"6","other",25,2,2,"nominal",0.92,0.92,0.628787878787879,0.626865671641791,0.621212121212122
"7","time",25,2,2,"nominal",0.96,0.96,0.837209302325581,0.834437086092715,0.833887043189369
"8","training",25,2,2,"nominal",0.92,0.92,-0.0208333333333333,0,-0.0416666666666664
