"","Variable","n_Units","n_Coders","n_Categories","Level","Agreement","Holstis_CR","Krippendorffs_Alpha","Cohens_Kappa","Fleiss_Kappa"
"1","analytical",25,2,2,"nominal",0.84,0.84,0.416666666666667,0.411764705882353,0.404761904761905
"2","availability",25,2,2,"nominal",0.96,0.96,0.652482269503546,0.647887323943662,0.645390070921986
"3","coding",25,2,2,"nominal",0.92,0.92,0.708333333333333,0.705882352941177,0.702380952380953
"4","experiential",25,2,2,"nominal",0.76,0.76,0.489583333333333,0.509803921568628,0.479166666666667
"5","other",25,2,2,"nominal",0.92,0.92,0.708333333333333,0.705882352941177,0.702380952380953
"6","perspectives",25,2,2,"nominal",0.88,0.88,0.694386694386694,0.693877551020408,0.688149688149688
"7","sameData",25,2,2,"nominal",0.96,0.96,0.652482269503546,0.647887323943662,0.645390070921986
